Category,total_sales
Office Supplies,719047.0320000035
Furniture,741999.79530000093
Technology,836154.03299999668